{
  "mse": 0.0004442949662414745,
  "rmse": 0.021078305582789964,
  "r2": 0.999971558579989,
  "timestamp": "2025-04-30T23:40:24.053533"
}